{
    "accuracy": 0.9718657453109576,
    "precision": 0.9213836477987422,
    "recall": 0.9015384615384615,
    "f1_score": 0.911353032659409,
    "roc_auc": 0.9924370279925836,
    "confusion_matrix": [
        [
            1676,
            25
        ],
        [
            32,
            293
        ]
    ],
    "classification_report": {
        "0": {
            "precision": 0.9812646370023419,
            "recall": 0.9853027630805409,
            "f1-score": 0.9832795541214432,
            "support": 1701.0
        },
        "1": {
            "precision": 0.9213836477987422,
            "recall": 0.9015384615384615,
            "f1-score": 0.911353032659409,
            "support": 325.0
        },
        "accuracy": 0.9718657453109576,
        "macro avg": {
            "precision": 0.9513241424005421,
            "recall": 0.9434206123095012,
            "f1-score": 0.9473162933904261,
            "support": 2026.0
        },
        "weighted avg": {
            "precision": 0.9716588514686945,
            "recall": 0.9718657453109576,
            "f1-score": 0.9717414892274842,
            "support": 2026.0
        }
    }
}