{
    "rmse": 9.384747916715185,
    "r2_score": 0.9964296604990457,
    "mean_abs_pct_error": 5.8606205568424805
}