{
    "best_model": "LightGBM",
    "baseline_results": {
        "Logistic Regression": {
            "mean_auc": 0.9429578116080682,
            "std_auc": 0.004885847723193627,
            "cv_scores": [
                0.9443120351588912,
                0.9367816742081448,
                0.9503761312217195,
                0.944898190045249,
                0.938421027406336
            ]
        },
        "Random Forest": {
            "mean_auc": 0.9896621910942741,
            "std_auc": 0.002649889186143327,
            "cv_scores": [
                0.9915736984448952,
                0.9873147624434389,
                0.9880260180995475,
                0.993947963800905,
                0.9874485126825844
            ]
        },
        "Gradient Boosting": {
            "mean_auc": 0.9897035436626472,
            "std_auc": 0.002294489660806443,
            "cv_scores": [
                0.9898523777327022,
                0.9890837104072399,
                0.9898076923076923,
                0.9934813348416289,
                0.9862926030239724
            ]
        },
        "XGBoost": {
            "mean_auc": 0.9921452215541777,
            "std_auc": 0.0015613965141466504,
            "cv_scores": [
                0.9932414919990985,
                0.9925084841628959,
                0.9915158371040724,
                0.9939790723981901,
                0.9894812221066313
            ]
        },
        "LightGBM": {
            "mean_auc": 0.9930901615641121,
            "std_auc": 0.0011388249623612812,
            "cv_scores": [
                0.9935175794455714,
                0.9929411764705882,
                0.9929100678733032,
                0.9948076923076923,
                0.9912742917234049
            ]
        },
        "SVM": {
            "mean_auc": 0.9734337696710508,
            "std_auc": 0.005201746387255676,
            "cv_scores": [
                0.9703121478476447,
                0.9662754524886877,
                0.9737160633484163,
                0.981914592760181,
                0.974950591910324
            ]
        }
    },
    "best_params": {
        "classifier__learning_rate": 0.2,
        "classifier__max_depth": 7,
        "classifier__n_estimators": 200,
        "classifier__num_leaves": 31
    },
    "best_score": 0.993193045884332
}