{
    "optimal_k": 2,
    "silhouette_scores": {
        "2": 0.12376400248337431,
        "3": 0.12005283461222449,
        "4": 0.11256127771243288,
        "5": 0.11776566637458977,
        "6": 0.10698749706349465,
        "7": 0.11267508337875849,
        "8": 0.10872967187687589,
        "9": 0.1045342685183087,
        "10": 0.09793314251891552
    },
    "inertia_values": {
        "2": 112965.31214576963,
        "3": 101336.26696654987,
        "4": 95623.6625707884,
        "5": 90256.91029371506,
        "6": 86009.92160102144,
        "7": 82161.52257405285,
        "8": 79137.48970945735,
        "9": 76614.5306075238,
        "10": 74485.28426348376
    },
    "cluster_centers": {
        "customer_age": {
            "0": 43.420226888727974,
            "1": 49.49898938858009
        },
        "gender": {
            "0": 0.4701906830798937,
            "1": 0.4752400202122284
        },
        "dependent_count": {
            "0": 2.4062273714699494,
            "1": 2.2892875189489645
        },
        "months_on_book": {
            "0": 32.8785903934347,
            "1": 39.27867609903991
        },
        "total_relationship_count": {
            "0": 4.628530050687907,
            "1": 2.953259221829206
        },
        "months_inactive_12_mon": {
            "0": 2.5870142408882453,
            "1": 2.0942395149065183
        },
        "contacts_count_12_mon": {
            "0": 2.8795558773835377,
            "1": 2.013643254168771
        },
        "credit_limit": {
            "0": 8009.998286265991,
            "1": 9176.787291561395
        },
        "total_amt_chng_q4_q1": {
            "0": 0.7643263335747044,
            "1": 0.7546834259727135
        },
        "total_ct_chng_q4_q1": {
            "0": 0.6990323437122857,
            "1": 0.7283754421424962
        },
        "inactive_vs_tenure_ratio": {
            "0": 0.07932463669063827,
            "1": 0.05307482984064214
        },
        "contacts_per_month": {
            "0": 1.0737125640150382,
            "1": 0.609048292698164
        },
        "product_penetration": {
            "0": 0.7714216751146511,
            "1": 0.4922098703048676
        },
        "trans_count_change_ratio": {
            "0": 0.6990323437122857,
            "1": 0.7283754421424962
        },
        "inactive_contacts": {
            "0": 7.365435674631911,
            "1": 4.156139464375948
        },
        "tenure_product_ratio": {
            "0": 6.111098467868924,
            "1": 11.167647801920163
        }
    },
    "cluster_distribution": {
        "0": 4149,
        "1": 3952
    }
}