{
    "best_model": "Lasso",
    "baseline_results": {
        "Ridge": {
            "mean_rmse": 12.127075751548954,
            "std_rmse": 0.32598631247691046,
            "mean_r2": 0.9941534748469708,
            "std_r2": 0.00030090466235982454,
            "cv_rmse_scores": [
                12.107963535168924,
                12.6263673010483,
                11.72214326347801,
                12.329115308701295,
                11.84978934934824
            ],
            "cv_r2_scores": [
                0.9942605073213497,
                0.9936893072314344,
                0.9945381176620166,
                0.9939428935195213,
                0.994336548500532
            ]
        },
        "Lasso": {
            "mean_rmse": 10.825996840859835,
            "std_rmse": 0.2886439247697424,
            "mean_r2": 0.9953409571291324,
            "std_r2": 0.00023184157525666524,
            "cv_rmse_scores": [
                10.923679399018914,
                11.201128353885057,
                10.403742652659963,
                11.008964698831717,
                10.592469099903525
            ],
            "cv_r2_scores": [
                0.9953283619348113,
                0.9950335765315513,
                0.995697632618123,
                0.9951705870992502,
                0.9954746274619269
            ]
        },
        "Random Forest": {
            "mean_rmse": 16.32126629861132,
            "std_rmse": 0.8640655992768813,
            "mean_r2": 0.989225915033295,
            "std_r2": 0.001288370601928478,
            "cv_rmse_scores": [
                17.793599572502014,
                16.575222174464542,
                15.254855987930984,
                16.261361090926126,
                15.721292667232927
            ],
            "cv_r2_scores": [
                0.9870359142410178,
                0.9893353014012377,
                0.9908615018254313,
                0.9888495731737179,
                0.9900472845250711
            ]
        },
        "XGBoost": {
            "mean_rmse": 13.72953428962072,
            "std_rmse": 0.7670245108030505,
            "mean_r2": 0.9924815449761288,
            "std_r2": 0.0009079466210047,
            "cv_rmse_scores": [
                13.582588438833193,
                13.261200595303862,
                12.773685115492214,
                13.989345333182092,
                15.040851965292237
            ],
            "cv_r2_scores": [
                0.9927773531519252,
                0.9930387715141081,
                0.9935142425566263,
                0.9922017678146782,
                0.9908755898433066
            ]
        },
        "LightGBM": {
            "mean_rmse": 11.531652918973057,
            "std_rmse": 0.607610938747007,
            "mean_r2": 0.9947009196690402,
            "std_r2": 0.0005732696454255173,
            "cv_rmse_scores": [
                12.054923667495986,
                11.405736657959375,
                10.83208600034009,
                10.968186523469676,
                12.397331745600164
            ],
            "cv_r2_scores": [
                0.9943106817638863,
                0.99485047844889,
                0.9953360649990153,
                0.9952062979803182,
                0.9938010751530915
            ]
        }
    },
    "best_params": {
        "regressor__alpha": 0.001,
        "regressor__max_iter": 3000
    },
    "best_score": 9.321699364907591
}